Taster Name,Title,Avg. Points,Avg. Price,Points
Anna Lee C. Iijima,Wölffer 2016 Summer in a Bottle White (Long Island),89,24,89
Anna Lee C. Iijima,Wölffer 2016 Summer in a Bottle Rosé (Long Island),90,24,180
Anna Lee C. Iijima,Wölffer 2016 Sauvignon Blanc (Long Island),87,22,174
Anna Lee C. Iijima,Wölffer 2016 Grandioso Rosé (Long Island),90,30,90
Anna Lee C. Iijima,Wölffer 2015 Summer in Bottle Rosé (North Fork of Long Island),90,24,180
Anna Lee C. Iijima,Wölffer 2015 Rosé (North Fork of Long Island),88,18,88
Anna Lee C. Iijima,Wölffer 2015 Grandioso Rosé (North Fork of Long Island),90,29,90
Anna Lee C. Iijima,Wölffer 2015 Descencia Botrytis Late Harvest White (North Fork of Long Island),94,40,94
Anna Lee C. Iijima,Wölffer 2015 Chardonnay (Long Island),87,19,87
Anna Lee C. Iijima,"Wölffer 2014 Trebbiano (The Hamptons, Long Island)",86,22,86
Anna Lee C. Iijima,Wölffer 2014 Summer in a Bottle Rosé (Long Island),90,24,180
Anna Lee C. Iijima,Wölffer 2014 Sauvignon Blanc (Long Island),90,22,90
Anna Lee C. Iijima,Wölffer 2014 Rosé (Long Island),89,18,89
Anna Lee C. Iijima,"Wölffer 2014 Perle Chardonnay (The Hamptons, Long Island)",90,30,90
Anna Lee C. Iijima,Wölffer 2014 Fatalis Fatum Red (Long Island),91,37,91
Anna Lee C. Iijima,Wölffer 2014 Classic White (Long Island),88,26,88
Anna Lee C. Iijima,Wölffer 2013 Rosé (Long Island),90,17,90
Anna Lee C. Iijima,Wölffer 2013 Landius Pinot Noir (Long Island),90,45,90
Anna Lee C. Iijima,Wölffer 2013 Lambardo Merlot (Long Island),90,35,180
Anna Lee C. Iijima,Wölffer 2013 Grandioso Rosé (Long Island),91,29,91
Anna Lee C. Iijima,Wölffer 2013 Fatalis Fatum Red (Long Island),88,35,88
Anna Lee C. Iijima,"Wölffer 2013 Diosa Late Harvest White (The Hamptons, Long Island)",88,37,88
Anna Lee C. Iijima,Wölffer 2013 Coeur Cheval Petit Verdot (Long Island),89,40,89
Anna Lee C. Iijima,Wölffer 2013 Caya Cabernet Franc (Long Island),89,35,89
Anna Lee C. Iijima,Wölffer 2013 Cassango Cabernet Sauvignon (Long Island),90,40,90
Anna Lee C. Iijima,"Wölffer 2012 White Mischief Chardonnay (The Hamptons, Long Island)",86,35,86
Anna Lee C. Iijima,"Wölffer 2012 Perle Chardonnay (The Hamptons, Long Island)",86,30,86
Anna Lee C. Iijima,Wölffer 2012 Merlot (Long Island),88,20,88
Anna Lee C. Iijima,Wölffer 2012 Cabernet Franc (Long Island),88,24,88
Anna Lee C. Iijima,Wölffer 2011 Merlot (Long Island),87,20,87
Anna Lee C. Iijima,Wölffer 2011 Fatalis Fatum Red (Long Island),88,35,88
Anna Lee C. Iijima,"Wölffer 2010 Noblesse Oblige Extra Brut Rosé  (The Hamptons, Long Island)",88,40,88
Anna Lee C. Iijima,"Wölffer 2010 Lombardo Merlot (The Hamptons, Long Island)",89,35,89
Anna Lee C. Iijima,"Wölffer 2010 Fatalis Fatum Red (The Hamptons, Long Island)",89,40,89
Anna Lee C. Iijima,"Wölffer 2010 Cool As Well Blanc de Blancs Brut Chardonnay (The Hamptons, Long Island)",90,35,90
Anna Lee C. Iijima,"Wölffer 2010 Christian's Cuvee Merlot (The Hamptons, Long Island)",90,100,90
Susan Kostrzewa,Wölffer 2008 Pinot Gris (Long Island),87,22,87
Susan Kostrzewa,Wölffer 2008 Grandioso Rosé (Long Island),87,29,87
Anna Lee C. Iijima,"Wölffer 2008 Estate Merlot (The Hamptons, Long Island)",88,20,88
Susan Kostrzewa,"Wölffer 2007 Rosé (The Hamptons, Long Island)",86,15,86
Anna Lee C. Iijima,Wölffer 2007 Cassango Cabernet Sauvignon (Long Island),88,40,88
Anna Lee C. Iijima,"Wölffer 2006 Noblesse Oblige Rosé Sparkling Wine Sparkling (The Hamptons, Long Island)",86,40,86
Susan Kostrzewa,"Wölffer 2006 Fatalis Fatum Red (The Hamptons, Long Island)",84,40,84
Anna Lee C. Iijima,Wölffer 2006 Brut Blanc de Blanc Sparkling (Long Island),86,35,86
,"Wölffer 2000 Late Harvest Chardonnay (The Hamptons, Long Island)",88,35,88
Joe Czerwinski,Wölffer 1999 Rosé (Long Island),84,11,84
Anna Lee C. Iijima,Waters Crest NV Sparkling (North Fork of Long Island),87,40,87
Anna Lee C. Iijima,Waters Crest 2013 Grand Vin Merlot (North Fork of Long Island),90,40,90
Anna Lee C. Iijima,Waters Crest 2013 Grand Vin Cabernet Franc (North Fork of Long Island),90,40,90
Anna Lee C. Iijima,Waters Crest 2012 Sauvignon Blanc (North Fork of Long Island),89,20,89
Anna Lee C. Iijima,Waters Crest 2010 Rosé (North Fork of Long Island),84,24,84
Anna Lee C. Iijima,Waters Crest 2010 Grand Vin Merlot (North Fork of Long Island),90,35,180
Anna Lee C. Iijima,Waters Crest 2010 Grand Vin Cabernet Franc (North Fork of Long Island),87,35,87
Anna Lee C. Iijima,Waters Crest 2010 Campania Rosso Red (North Fork of Long Island),89,40,89
,Waters Crest 2008 Rosé (North Fork of Long Island),84,18,84
Anna Lee C. Iijima,Waters Crest 2008 Campania Rosso Red (North Fork of Long Island),84,50,84
Anna Lee C. Iijima,Waters Crest 2007 Grand Vin Cabernet Sauvignon (North Fork of Long Island),86,45,86
Susan Kostrzewa,Waters Crest 2006 Night Watch Late Harvest Wine White (North Fork of Long Island),86,45,86
Susan Kostrzewa,Waters Crest 2006 Campania Rosso Red (North Fork of Long Island),86,30,86
Anna Lee C. Iijima,The Old Field 2014 Cacklin' Rosé Dry Merlot (North Fork of Long Island),84,18,84
Anna Lee C. Iijima,The Old Field 2014 Blush de Noir Pinot Noir (North Fork of Long Island),86,16,86
Anna Lee C. Iijima,The Old Field 2010 Merlot (North Fork of Long Island),87,26,87
Anna Lee C. Iijima,The Old Field 2010 Commodore Perry Merlot (North Fork of Long Island),87,38,174
Anna Lee C. Iijima,The Grapes of Roth 2015 Virgin Berry Dry Riesling (North Fork of Long Island),90,32,90
Anna Lee C. Iijima,The Grapes of Roth 2015 Dry Riesling (North Fork of Long Island),90,26,90
Anna Lee C. Iijima,The Grapes of Roth 2014 Virgin Berry Dry Riesling (Long Island),91,32,91
Anna Lee C. Iijima,The Grapes of Roth 2014 Dry Riesling (Long Island),90,26,180
Anna Lee C. Iijima,The Grapes of Roth 2012 Merlot (North Fork of Long Island),93,44,93
Anna Lee C. Iijima,The Grapes of Roth 2010 Merlot (Long Island),90,44,90
Anna Lee C. Iijima,The Grapes of Roth 2009 Noble Roth Late Harvest Riesling (Long Island),90,36,90
Anna Lee C. Iijima,The Grapes of Roth 2007 Merlot (Long Island),91,44,91
Anna Lee C. Iijima,The Grapes of Roth 2005 Merlot (Long Island),90,50,90
Anna Lee C. Iijima,T'Jara 2013 Reserve Red (North Fork of Long Island),87,35,87
Anna Lee C. Iijima,T'Jara 2013 Cabernet Franc (North Fork of Long Island),91,25,91
Anna Lee C. Iijima,T'Jara 2010 Reserve Red (North Fork of Long Island),89,34,89
Anna Lee C. Iijima,T'Jara 2010 Merlot (North Fork of Long Island),88,25,88
Anna Lee C. Iijima,T'Jara 2010 Cabernet Franc (North Fork of Long Island),86,25,86
Anna Lee C. Iijima,T'Jara 2007 Reserve Red (North Fork of Long Island),85,30,85
Anna Lee C. Iijima,Suhru 2013 Shiraz (North Fork of Long Island),88,23,176
Anna Lee C. Iijima,Suhru 2013 Ember Red (North Fork of Long Island),89,19,89
Anna Lee C. Iijima,Suhru 2012 Ember Red (North Fork of Long Island),88,20,88
Anna Lee C. Iijima,Suhru 2011 Shiraz (North Fork of Long Island),86,22,86
Anna Lee C. Iijima,Suhru 2009 Shiraz (North Fork of Long Island),85,22,85
Anna Lee C. Iijima,Suhru 2008 Red Red (North Fork of Long Island),86,20,86
Anna Lee C. Iijima,Sparkling Pointe NV Topaz Impérial Rosé  (North Fork of Long Island),90,37,90
Anna Lee C. Iijima,Sparkling Pointe NV Cuvée Carnaval Sparkling (North Fork of Long Island),87,27,87
Anna Lee C. Iijima,Sparkling Pointe NV Brut Sparkling (North Fork of Long Island),89,29,89
Anna Lee C. Iijima,Sparkling Pointe 2014 Topaz Impérial Rosé  (North Fork of Long Island),91,37,91
Anna Lee C. Iijima,Sparkling Pointe 2013 Topaz Impérial Sparkling (North Fork of Long Island),89,37,89
Anna Lee C. Iijima,Sparkling Pointe 2013 Brut Sparkling (North Fork of Long Island),89,29,89
Anna Lee C. Iijima,Sparkling Pointe 2012 Blanc de Blancs Chardonnay (North Fork of Long Island),90,44,90
Anna Lee C. Iijima,Sparkling Pointe 2011 Topaz Impérial Rosé  (North Fork of Long Island),90,37,90
Anna Lee C. Iijima,Sparkling Pointe 2011 Brut  (North Fork of Long Island),89,29,89
Anna Lee C. Iijima,Sparkling Pointe 2011 Blanc de Blancs Chardonnay (North Fork of Long Island),90,42,90
Anna Lee C. Iijima,Sparkling Pointe 2010 Topaz Impérial Rosé  (North Fork of Long Island),87,37,174
Anna Lee C. Iijima,Sparkling Pointe 2010 Brut  (North Fork of Long Island),89,29,89
Anna Lee C. Iijima,Sparkling Pointe 2009 Topaz Impérial Sparkling (North Fork of Long Island),87,37,87
Anna Lee C. Iijima,Sparkling Pointe 2009 Blanc de Blancs Chardonnay (North Fork of Long Island),88,42,88
Anna Lee C. Iijima,Sparkling Pointe 2008 Blanc de Noirs Sparkling (North Fork of Long Island),90,75,90
Anna Lee C. Iijima,Sparkling Pointe 2007 Topaz Imperial Sparkling (North Fork of Long Island),87,33,174
Anna Lee C. Iijima,Sparkling Pointe 2007 Brut Sparkling (North Fork of Long Island),87,29,87
Anna Lee C. Iijima,Sparkling Pointe 2007 Brut Séduction  (North Fork of Long Island),92,72,92
Anna Lee C. Iijima,Sparkling Pointe 2007 Blanc de Blancs Chardonnay (North Fork of Long Island),89,42,89
Anna Lee C. Iijima,Sparkling Pointe 2006 Blanc de Blancs Chardonnay (North Fork of Long Island),88,42,88
Anna Lee C. Iijima,Sparkling Pointe 2005 Topaz Impérial Sparkling (North Fork of Long Island),86,33,86
Anna Lee C. Iijima,Sparkling Pointe 2005 Brut Séduction  (North Fork of Long Island),91,60,91
Anna Lee C. Iijima,Sparkling Pointe 2005 Blanc de Blancs Sparkling (North Fork of Long Island),88,42,88
Anna Lee C. Iijima,Sparkling Pointe 2004 Blanc de Blancs Chardonnay (North Fork of Long Island),88,42,88
Anna Lee C. Iijima,Sparkling Pointe 2002 Brut Séduction Sparkling (North Fork of Long Island),90,60,90
Anna Lee C. Iijima,Southold 2014 Tilting at Windmills Old Gristina Vineyard Chardonnay (North Fork of Long Island),87,26,87
Anna Lee C. Iijima,Southold 2014 Flying & Falling Cabernet Franc (North Fork of Long Island),92,32,92
Anna Lee C. Iijima,Shinn Estate 2013 Rosé (North Fork of Long Island),89,16,89
Anna Lee C. Iijima,Shinn Estate 2011 First Fruit Sauvignon Blanc (North Fork of Long Island),89,22,89
Anna Lee C. Iijima,Shinn Estate 2010 Haven Sauvignon Blanc-Semillon (North Fork of Long Island),90,35,90
Anna Lee C. Iijima,Sherwood House Vineyards 2016 Oregon Road White Merlot Rosé (North Fork of Long Island),87,18,174
Anna Lee C. Iijima,Sherwood House Vineyards 2016 Oregon Road Chardonnay (North Fork of Long Island),86,18,86
Anna Lee C. Iijima,Sherwood House Vineyards 2011 Estate Grown Chardonnay (North Fork of Long Island),85,30,85
Anna Lee C. Iijima,Sherwood House Vineyards 2010 Sherwood Manor Estate Grown Red (North Fork of Long Island),86,45,86
Anna Lee C. Iijima,Sherwood House Vineyards 2010 Oregon Road Merlot (North Fork of Long Island),88,18,88
Anna Lee C. Iijima,Sherwood House Vineyards 2010 Estate Grown Chardonnay (North Fork of Long Island),86,30,86
Anna Lee C. Iijima,Sherwood House Vineyards 2010 Estate Grown Cabernet Franc (North Fork of Long Island),87,40,87
Anna Lee C. Iijima,Sherwood House Vineyards 2010 Chardonnay (North Fork of Long Island),86,30,86
Anna Lee C. Iijima,Sherwood House Vineyards 2007 Sherwood Manor Red (North Fork of Long Island),85,55,85
Anna Lee C. Iijima,Sherwood House Vineyards 2007 Merlot (North Fork of Long Island),86,30,86
Anna Lee C. Iijima,Sherwood House Vineyards 2007 Cabernet Franc (North Fork of Long Island),86,40,86
Anna Lee C. Iijima,Sherwood House Vineyards 2005 Merlot (North Fork of Long Island),85,25,85
Anna Lee C. Iijima,Sherwood House Vineyards 2004 Merlot (North Fork of Long Island),86,25,86
Anna Lee C. Iijima,Sannino 2016 Viognier (North Fork of Long Island),87,20,87
Anna Lee C. Iijima,Sannino 2016 Sauvignon Blanc (North Fork of Long Island),87,20,87
Anna Lee C. Iijima,Sannino 2016 Chilly Day Chardonnay (North Fork of Long Island),85,20,85
Anna Lee C. Iijima,Sannino 2016 Chardonnay (North Fork of Long Island),85,20,85
Anna Lee C. Iijima,Sannino 2014 Cabernet Franc (North Fork of Long Island),87,34,174
Anna Lee C. Iijima,Sannino 2014 Bianca Rosé Merlot (North Fork of Long Island),84,16,84
Anna Lee C. Iijima,Sannino 2014 Bianca Dolce Rosé Merlot (North Fork of Long Island),85,15,85
Anna Lee C. Iijima,Sannino 2013 Spotlight Petit Verdot (North Fork of Long Island),88,50,176
Anna Lee C. Iijima,Sannino 2013 Merlot (North Fork of Long Island),86,30,172
Anna Lee C. Iijima,Sannino 2013 Cabernet Sauvignon (North Fork of Long Island),87,38,87
Anna Lee C. Iijima,Sannino 2013 Cabernet Franc (North Fork of Long Island),85,34,85
Anna Lee C. Iijima,Sannino 2013 Bella Vita Vineyard Syrah (North Fork of Long Island),87,42,87
Anna Lee C. Iijima,Sannino 2012 Bianca Rosé Merlot (North Fork of Long Island),86,20,86
Anna Lee C. Iijima,Sannino 2010 Prima Rossa Red (North Fork of Long Island),85,35,85
Anna Lee C. Iijima,Saltbird 2014 Migratus Sauvignon Blanc (North Fork of Long Island),88,27,176
Anna Lee C. Iijima,Roanoke Vineyards 2011 The Wild Chardonnay (North Fork of Long Island),86,20,86
Anna Lee C. Iijima,Roanoke Vineyards 2010 Gabby's Cabernet Franc (North Fork of Long Island),87,43,87
Anna Lee C. Iijima,Raphael 2016 Sauvignon Blanc (North Fork of Long Island),87,19,87
Anna Lee C. Iijima,Raphael 2015 Rosé of Pinot Noir (North Fork of Long Island),90,24,90
Anna Lee C. Iijima,Raphael 2015 Cabernet Franc (North Fork of Long Island),88,22,88
Anna Lee C. Iijima,Raphael 2014 Virgin Berry Riesling (North Fork of Long Island),90,26,90
Anna Lee C. Iijima,Raphael 2014 Sauvignon Blanc (North Fork of Long Island),88,20,88
Anna Lee C. Iijima,Raphael 2014 Reserve Cabernet Franc (North Fork of Long Island),93,50,93
Anna Lee C. Iijima,Raphael 2014 Primo Reserve Red (North Fork of Long Island),92,60,92
Anna Lee C. Iijima,Raphael 2014 First Label Sauvignon Blanc (North Fork of Long Island),90,28,90
Anna Lee C. Iijima,Raphael 2014 Cabernet Franc (North Fork of Long Island),90,22,90
Anna Lee C. Iijima,Raphael 2013 Sauvignon Blanc (North Fork of Long Island),85,18,85
Anna Lee C. Iijima,Raphael 2013 Reserve Petit Verdot (North Fork of Long Island),92,50,92
Anna Lee C. Iijima,Raphael 2013 Reserve Cabernet Sauvignon (North Fork of Long Island),92,50,92
Anna Lee C. Iijima,Raphael 2013 Reserve Cabernet Franc (North Fork of Long Island),91,50,91
Anna Lee C. Iijima,Raphael 2013 Primo Reserve Estate Bottled Red (North Fork of Long Island),93,75,93
Anna Lee C. Iijima,Raphael 2013 First Label Riesling (North Fork of Long Island),87,28,87
Anna Lee C. Iijima,Raphael 2013 Estate Merlot (North Fork of Long Island),89,22,89
Anna Lee C. Iijima,Raphael 2013 Cabernet Franc (North Fork of Long Island),89,25,89
Anna Lee C. Iijima,Raphael 2012 La Fontana Red (North Fork of Long Island),89,30,89
Anna Lee C. Iijima,Raphael 2012 First Label Merlot (North Fork of Long Island),91,32,91
Anna Lee C. Iijima,Raphael 2012 Chardeaux White (North Fork of Long Island),85,16,85
Anna Lee C. Iijima,Raphael 2010 La Tavola Red (North Fork of Long Island),86,14,86
Anna Lee C. Iijima,Raphael 2010 Estate Merlot (North Fork of Long Island),88,16,88
Anna Lee C. Iijima,Raphael 2010 Cabernet Sauvignon (North Fork of Long Island),90,60,90
Anna Lee C. Iijima,Raphael 2010 Cabernet Franc (North Fork of Long Island),85,17,85
Lauren Buzzeo,Raphael 2008 Grand Cru Chardonnay (North Fork of Long Island),85,15,85
,Raphael 2007 La Tavola Red (North Fork of Long Island),87,11,87
Anna Lee C. Iijima,Raphael 2007 Estate Merlot (North Fork of Long Island),85,19,85
,Raphael 2002 Estate Bottled Merlot (North Fork of Long Island),87,25,174
,Raphael 2001 Estate Bottled Merlot (North Fork of Long Island),86,25,86
Anna Lee C. Iijima,Pumphouse 2012 White (North Fork of Long Island),84,11,84
Anna Lee C. Iijima,Pugliese 2011 Riesling (North Fork of Long Island),83,14,83
Joe Czerwinski,Pindar Vineyards NV Pythagoras Red (North Fork of Long Island),83,11,83
Anna Lee C. Iijima,Pindar Vineyards 2012 Estate Bottled Sauvignon Blanc (North Fork of Long Island),84,15,84
Anna Lee C. Iijima,Pindar Vineyards 2012 Estate Bottled Riesling (North Fork of Long Island),87,17,87
Anna Lee C. Iijima,Pindar Vineyards 2007 Barrel Select Reserve Merlot (North Fork of Long Island),87,19,87
Joe Czerwinski,Pindar Vineyards 1998 Peacock Chardonnay (Long Island),84,9,84
Joe Czerwinski,Pindar Vineyards 1997 Reserve Cabernet Sauvignon (North Fork of Long Island),84,19,84
Anna Lee C. Iijima,Pellegrini Vineyards 2016 Rejoyce White (North Fork of Long Island),87,25,87
Anna Lee C. Iijima,Pellegrini Vineyards 2015 Rosé (North Fork of Long Island),90,20,90
Anna Lee C. Iijima,Pellegrini Vineyards 2015 Chardonnay (North Fork of Long Island),89,20,89
Anna Lee C. Iijima,Pellegrini Vineyards 2013 Vintner's Pride Chardonnay (North Fork of Long Island),87,30,87
Anna Lee C. Iijima,Pellegrini Vineyards 2013 Cabernet Franc (North Fork of Long Island),87,30,87
Anna Lee C. Iijima,Pellegrini Vineyards 2012 Cabernet Franc (North Fork of Long Island),84,30,84
Anna Lee C. Iijima,Pellegrini Vineyards 2011 Estate Grown Gewürztraminer (North Fork of Long Island),83,20,83
Anna Lee C. Iijima,Pellegrini Vineyards 2010 Vintner's Pride Estate Grown Encore Red (North Fork of Long Island),88,,88
Anna Lee C. Iijima,Pellegrini Vineyards 2010 Estate Grown Unfiltered Petit Verdot (North Fork of Long Island),89,50,89
Anna Lee C. Iijima,Pellegrini Vineyards 2007 Petit Verdot (North Fork of Long Island),87,22,87
Anna Lee C. Iijima,Pellegrini Vineyards 2007 Estate Grown Merlot (North Fork of Long Island),86,20,86
Anna Lee C. Iijima,Pellegrini Vineyards 2007 Estate Grown Cabernet Sauvignon (North Fork of Long Island),85,23,85
Anna Lee C. Iijima,Pellegrini Vineyards 2007 Estate Grown Cabernet Franc (North Fork of Long Island),86,22,86
Anna Lee C. Iijima,Pellegrini Vineyards 2005 Reserve Red (North Fork of Long Island),88,70,176
Anna Lee C. Iijima,Pellegrini Vineyards 2005 Cabernet Franc (North Fork of Long Island),82,20,82
Joe Czerwinski,Pellegrini Vineyards 1999 Eastend Select Merlot (North Fork of Long Island),84,12,84
Anna Lee C. Iijima,Peconic Bay Winery 2010 Lowerre Family Estate La Barrique Chardonnay (North Fork of Long Island),87,36,87
Anna Lee C. Iijima,Peconic Bay Winery 2010 Cabernet Franc (North Fork of Long Island),87,36,87
Anna Lee C. Iijima,Peconic Bay Winery 2009 Lot #2 Red (North Fork of Long Island),86,20,86
Susan Kostrzewa,Peconic Bay Winery 2007 Steel fermented Chardonnay (North Fork of Long Island),84,22,84
Susan Kostrzewa,Peconic Bay Winery 2007 La Barrique Chardonnay (North Fork of Long Island),85,22,85
,Peconic Bay Winery 2007 Cabernet Sauvignon (North Fork of Long Island),86,22,86
Joe Czerwinski,Peconic Bay Winery 2001 Riesling (North Fork of Long Island),84,13,84
Joe Czerwinski,Paumanok NV Festival Chardonnay (North Fork of Long Island),84,10,84
Anna Lee C. Iijima,Paumanok 2015 Dry Rosé (North Fork of Long Island),90,,90
Anna Lee C. Iijima,Paumanok 2015 Dry Riesling (North Fork of Long Island),90,22,90
Anna Lee C. Iijima,Paumanok 2015 Dry Chenin Blanc (North Fork of Long Island),90,28,90
Anna Lee C. Iijima,Paumanok 2014 Tuthill's Lane Vineyard Cabernet Sauvignon (North Fork of Long Island),92,75,184
Anna Lee C. Iijima,Paumanok 2014 Semi Dry Riesling (North Fork of Long Island),87,20,174
Anna Lee C. Iijima,Paumanok 2014 Sauvignon Blanc (North Fork of Long Island),90,24,90
Anna Lee C. Iijima,Paumanok 2014 Festival Merlot-Cabernet (North Fork of Long Island),89,20,89
Anna Lee C. Iijima,Paumanok 2014 Festival Chardonnay (North Fork of Long Island),90,19,180
Anna Lee C. Iijima,Paumanok 2014 Dry Rosé (North Fork of Long Island),91,20,91
Anna Lee C. Iijima,Paumanok 2014 Dry Riesling (North Fork of Long Island),91,22,91
Anna Lee C. Iijima,Paumanok 2014 Chenin Blanc (North Fork of Long Island),91,28,91
Anna Lee C. Iijima,Paumanok 2014 Cabernet Sauvignon (North Fork of Long Island),91,28,91
Anna Lee C. Iijima,Paumanok 2014 Cabernet Franc (North Fork of Long Island),90,28,90
Anna Lee C. Iijima,Paumanok 2013 Merlot (North Fork of Long Island),91,28,91
Anna Lee C. Iijima,Paumanok 2013 Grand Vintage Cabernet Franc (North Fork of Long Island),93,55,93
Anna Lee C. Iijima,Paumanok 2013 Dry Rosé (North Fork of Long Island),90,19,90
Anna Lee C. Iijima,Paumanok 2013 Assemblage Red (North Fork of Long Island),93,50,93
Anna Lee C. Iijima,Paumanok 2011 Festival Chardonnay (North Fork of Long Island),89,17,89
Anna Lee C. Iijima,Paumanok 2011 Dry Rosé (North Fork of Long Island),89,18,89
Anna Lee C. Iijima,Paumanok 2010 Semi Dry Riesling (North Fork of Long Island),89,22,89
Anna Lee C. Iijima,Paumanok 2010 Late Harvest Riesling (North Fork of Long Island),90,50,90
Anna Lee C. Iijima,Paumanok 2010 Grand Vintage Chardonnay (North Fork of Long Island),90,36,90
Anna Lee C. Iijima,Paumanok 2010 Cabernet Franc (North Fork of Long Island),91,28,91
Anna Lee C. Iijima,Paumanok 2010 Barrel Fermented Chardonnay (North Fork of Long Island),89,24,89
Anna Lee C. Iijima,Paumanok 2007 Merlot (North Fork of Long Island),90,24,90
Anna Lee C. Iijima,Paumanok 2007 Assemblage Red (North Fork of Long Island),90,45,90
Anna Lee C. Iijima,Paumanok 2005 Tuthills Lane Vineyard Cabernet Sauvignon (North Fork of Long Island),89,60,89
Joe Czerwinski,Paumanok 2000 Semi Dry Riesling (North Fork of Long Island),83,15,83
Joe Czerwinski,Paumanok 1998 Cabernet Sauvignon (North Fork of Long Island),84,18,84
Anna Lee C. Iijima,Palmer 2016 Merlot Rosé (North Fork of Long Island),89,20,89
Anna Lee C. Iijima,Palmer 2013 Cabernet Franc (North Fork of Long Island),87,29,174
Anna Lee C. Iijima,Palmer 2012 Sauvignon Blanc (North Fork of Long Island),89,19,89
Anna Lee C. Iijima,Palmer 2012 Merlot Rosé (North Fork of Long Island),87,20,87
Anna Lee C. Iijima,Palmer 2012 Albariño (North Fork of Long Island),83,25,166
Anna Lee C. Iijima,Palmer 2011 Pinot Blanc (North Fork of Long Island),88,20,88
Anna Lee C. Iijima,Palmer 2011 N 41° W 72° Chardonnay (North Fork of Long Island),87,14,87
Anna Lee C. Iijima,Palmer 2011 Aromatico White (North Fork of Long Island),82,25,82
Anna Lee C. Iijima,Palmer 2009 Sauvignon Blanc (North Fork of Long Island),84,19,84
Anna Lee C. Iijima,Palmer 2009 Proprietor's Reserve Cabernet Franc (North Fork of Long Island),86,29,86
Anna Lee C. Iijima,Palmer 2009 Merlot (North Fork of Long Island),88,,88
Anna Lee C. Iijima,Palmer 2009 Cabernet Sauvignon (North Fork of Long Island),86,29,86
Anna Lee C. Iijima,Palmer 2007 Proprietor's Reserve Cabernet Franc (North Fork of Long Island),85,27,85
,Palmer 2005 Merlot (North Fork of Long Island),87,19,87
Joe Czerwinski,Palmer 1999 Gewürztraminer (North Fork of Long Island),84,15,84
Joe Czerwinski,Palmer 1998 Estate Pinot Blanc (North Fork of Long Island),83,13,83
Joe Czerwinski,Palmer 1998 Estate Chardonnay (North Fork of Long Island),84,12,84
Joe Czerwinski,Palmer 1998 Cabernet Sauvignon (North Fork of Long Island),83,15,83
Joe Czerwinski,Palmer 1997 Merlot (North Fork of Long Island),83,18,83
Anna Lee C. Iijima,Osprey's Dominion 2016 Dry Rosé (North Fork of Long Island),89,15,178
Anna Lee C. Iijima,Osprey's Dominion 2015 Rosé (North Fork of Long Island),90,15,90
Anna Lee C. Iijima,Osprey's Dominion 2014 Reserve Pinot Gris (North Fork of Long Island),88,20,88
Anna Lee C. Iijima,Osprey's Dominion 2014 Pinot Noir (North Fork of Long Island),88,40,176
Anna Lee C. Iijima,Osprey's Dominion 2013 Richmond Creek Cabernet Franc (North Fork of Long Island),87,13,87
Anna Lee C. Iijima,Osprey's Dominion 2013 Reserve Pinot Gris (North Fork of Long Island),88,20,176
Anna Lee C. Iijima,Osprey's Dominion 2013 Reserve Petit Verdot (North Fork of Long Island),87,35,87
Anna Lee C. Iijima,Osprey's Dominion 2013 Reserve Cabernet Sauvignon (North Fork of Long Island),88,35,88
Anna Lee C. Iijima,Osprey's Dominion 2013 Malbec (North Fork of Long Island),87,24,87
Anna Lee C. Iijima,Osprey's Dominion 2013 Carmenère (North Fork of Long Island),92,24,184
Anna Lee C. Iijima,Osprey's Dominion 2012 Reserve Petit Verdot (North Fork of Long Island),85,35,85
Anna Lee C. Iijima,Osprey's Dominion 2012 Reserve Chardonnay (North Fork of Long Island),86,20,86
Anna Lee C. Iijima,Osprey's Dominion 2012 Fumé Blanc Sauvignon Blanc (North Fork of Long Island),89,15,89
Anna Lee C. Iijima,Osprey's Dominion 2012 Flight Meritage (North Fork of Long Island),88,28,176
Anna Lee C. Iijima,Osprey's Dominion 2010 Reserve Merlot (North Fork of Long Island),87,35,174
Anna Lee C. Iijima,Osprey's Dominion 2010 Reserve Chardonnay (North Fork of Long Island),84,20,84
Anna Lee C. Iijima,Osprey's Dominion 2010 Reserve Cabernet Sauvignon (North Fork of Long Island),85,40,85
Anna Lee C. Iijima,Osprey's Dominion 2007 Reserve Merlot (North Fork of Long Island),87,35,87
Lauren Buzzeo,Osprey's Dominion 2007 Reserve Chardonnay (North Fork of Long Island),86,16,86
Anna Lee C. Iijima,Osprey's Dominion 2007 Flight Meritage (North Fork of Long Island),89,24,89
Susan Kostrzewa,Osprey's Dominion 2005 Flight Meritage (North Fork of Long Island),87,35,87
Susan Kostrzewa,Osprey's Dominion 2005 Cabernet Sauvignon (North Fork of Long Island),84,20,84
Anna Lee C. Iijima,One Woman 2015 Sauvignon Blanc (North Fork of Long Island),87,28,87
Anna Lee C. Iijima,One Woman 2015 Grüner Veltliner (North Fork of Long Island),88,25,88
Anna Lee C. Iijima,One Woman 2015 Gewürztraminer (North Fork of Long Island),88,28,176
Anna Lee C. Iijima,One Woman 2015 Estate Reserve Sauvignon Blanc (North Fork of Long Island),88,35,88
Anna Lee C. Iijima,One Woman 2015 Chardonnay (North Fork of Long Island),89,28,89
Anna Lee C. Iijima,One Woman 2012 Gewürztraminer (North Fork of Long Island),84,23,84
Anna Lee C. Iijima,One Woman 2012 Estate Reserve Merlot (North Fork of Long Island),90,52,90
Anna Lee C. Iijima,One Woman 2011 Tribute White (North Fork of Long Island),85,26,85
Anna Lee C. Iijima,One Woman 2010 Gewürztraminer (North Fork of Long Island),84,20,84
Anna Lee C. Iijima,One Woman 2010 Estate Reserve Merlot (North Fork of Long Island),90,48,90
Anna Lee C. Iijima,One Woman 2010 Estate Reserve Chardonnay (North Fork of Long Island),85,38,85
Anna Lee C. Iijima,One Woman 2010 Chardonnay (North Fork of Long Island),86,20,86
Anna Lee C. Iijima,One Woman 2008 Estate Reserve Merlot (North Fork of Long Island),87,48,87
Anna Lee C. Iijima,McCall 2016 Marjorie's Corchaug Estate Rosé (North Fork of Long Island),89,18,89
Anna Lee C. Iijima,McCall 2016 Cuvée Nicola North Ridge Vineyard Sauvignon Blanc (North Fork of Long Island),90,24,90
Anna Lee C. Iijima,McCall 2015 Unoaked North Ridge Vineyard Chardonnay (North Fork of Long Island),87,18,174
Anna Lee C. Iijima,McCall 2015 Marjorie's Rosé Corchaug Estate Merlot (North Fork of Long Island),89,18,89
Anna Lee C. Iijima,McCall 2014 Reserve North Ridge Vineyard Chardonnay (North Fork of Long Island),88,39,176
Anna Lee C. Iijima,McCall 2013 Unoaked Chardonnay (North Fork of Long Island),87,18,87
Anna Lee C. Iijima,McCall 2013 Reserve North Ridge Vineyard Cabernet Franc (North Fork of Long Island),92,48,92
Anna Lee C. Iijima,McCall 2013 Reserve Chardonnay (North Fork of Long Island),90,39,180
Anna Lee C. Iijima,McCall 2013 Corchaug Estate Pinot Noir (North Fork of Long Island),90,30,90
Anna Lee C. Iijima,McCall 2012 Reserve Cabernet Franc (North Fork of Long Island),93,45,93
Anna Lee C. Iijima,McCall 2012 Hillside Corchaug Estate Pinot Noir (North Fork of Long Island),91,45,91
Anna Lee C. Iijima,McCall 2010 Reserve Corchaug Estate Pinot Noir (North Fork of Long Island),92,75,92
Anna Lee C. Iijima,McCall 2010 Ben's Blend Corchaug Estate Red (North Fork of Long Island),91,79,91
Anna Lee C. Iijima,McCall 2009 Reserve Corhaug Estate Merlot (North Fork of Long Island),91,24,91
Anna Lee C. Iijima,McCall 2007 Corchaug Estate Ben's Blend Red (North Fork of Long Island),89,48,178
Anna Lee C. Iijima,Mattebella 2014 Rosé (North Fork of Long Island),86,21,172
Anna Lee C. Iijima,Mattebella 2010 Famiglia Chardonnay (North Fork of Long Island),88,19,88
Anna Lee C. Iijima,Mattebella 2009 Famiglia Chardonnay (North Fork of Long Island),87,17,174
Anna Lee C. Iijima,Mattebella 2008 Old World Blend Red (North Fork of Long Island),86,35,86
Anna Lee C. Iijima,Mattebella 2007 Old World Blend Red (North Fork of Long Island),85,40,85
Susan Kostrzewa,Martha Clara NV Red Sweetie Glaciers End Red Table Wine Red (North Fork of Long Island),82,13,82
Anna Lee C. Iijima,Martha Clara NV Brut Sparkling (North Fork of Long Island),87,22,87
Anna Lee C. Iijima,Martha Clara 2015 Northern Solstice Dry Rosé (North Fork of Long Island),87,19,87
Anna Lee C. Iijima,Martha Clara 2015 Island Series Pinot Grigio (North Fork of Long Island),87,22,87
Anna Lee C. Iijima,Martha Clara 2014 Northville Red (North Fork of Long Island),90,27,90
Anna Lee C. Iijima,Martha Clara 2014 Merlot (North Fork of Long Island),88,24,88
Anna Lee C. Iijima,Martha Clara 2014 Malbec-Merlot (North Fork of Long Island),87,27,87
Anna Lee C. Iijima,Martha Clara 2014 Island Series Merlot (North Fork of Long Island),88,24,88
Anna Lee C. Iijima,Martha Clara 2014 Island Series Malbec-Merlot (North Fork of Long Island),86,27,172
Anna Lee C. Iijima,Martha Clara 2014 Estate Reserve Chardonnay (North Fork of Long Island),89,27,89
Anna Lee C. Iijima,Martha Clara 2014 Chardonnay (North Fork of Long Island),86,20,86
Anna Lee C. Iijima,Martha Clara 2014 Cabernet Franc (North Fork of Long Island),89,27,89
Anna Lee C. Iijima,Martha Clara 2013 Island Series Cabernet Franc (North Fork of Long Island),88,27,176
Anna Lee C. Iijima,Martha Clara 2012 Island Series Syrah (North Fork of Long Island),88,24,176
Anna Lee C. Iijima,Martha Clara 2012 Estate Reserve Riesling (North Fork of Long Island),86,26,86
Anna Lee C. Iijima,Martha Clara 2010 Syrah (North Fork of Long Island),87,24,87
Anna Lee C. Iijima,Martha Clara 2010 Estate Reserve Chardonnay (North Fork of Long Island),86,26,86
Anna Lee C. Iijima,Martha Clara 2009 Riesling (North Fork of Long Island),86,19,86
,Martha Clara 2007 Merlot (North Fork of Long Island),86,18,86
Anna Lee C. Iijima,Martha Clara 2007 6025 Red (North Fork of Long Island),88,45,88
Susan Kostrzewa,Martha Clara 2005 6025 Red (North Fork of Long Island),84,40,84
Joe Czerwinski,Martha Clara 1999 Viognier (North Fork of Long Island),81,15,81
Joe Czerwinski,Martha Clara 1999 Semillon-Chardonnay (North Fork of Long Island),84,15,84
Joe Czerwinski,Martha Clara 1999 Chardonnay (North Fork of Long Island),83,10,83
Susan Kostrzewa,Macari NV Sette 7 Cabernet Merlot (North Fork of Long Island),84,15,84
Anna Lee C. Iijima,Macari 2015 Rosé (North Fork of Long Island),90,18,90
Anna Lee C. Iijima,Macari 2015 Katherine's Field Sauvignon Blanc (North Fork of Long Island),89,24,89
Anna Lee C. Iijima,Macari 2015 Estate Bottled Chardonnay (North Fork of Long Island),88,22,88
Anna Lee C. Iijima,Macari 2014 Syrah (North Fork of Long Island),90,45,90
Anna Lee C. Iijima,Macari 2014 Reserve Cabernet Franc (North Fork of Long Island),92,35,92
Anna Lee C. Iijima,Macari 2014 Lifeforce Sauvignon Blanc (North Fork of Long Island),90,27,90
Anna Lee C. Iijima,Macari 2014 Katherine's Field Sauvignon Blanc (North Fork of Long Island),90,24,90
Anna Lee C. Iijima,Macari 2014 Early Wine Chardonnay (North Fork of Long Island),87,18,87
Anna Lee C. Iijima,Macari 2013 Reserve Chardonnay (North Fork of Long Island),90,27,90
Anna Lee C. Iijima,Macari 2013 Reserve Cabernet Franc (North Fork of Long Island),90,36,90
Anna Lee C. Iijima,Macari 2013 Horses Sparkling Cabernet Franc Rosé Sparkling (North Fork of Long Island),88,23,88
Anna Lee C. Iijima,Macari 2013 Early Wine Chardonnay (North Fork of Long Island),88,17,88
Anna Lee C. Iijima,Macari 2013 Dos Aguas White (North Fork of Long Island),87,27,87
Anna Lee C. Iijima,Macari 2013 Dos Aguas Red (North Fork of Long Island),90,30,90
Anna Lee C. Iijima,Macari 2013 Bergen Road Red (North Fork of Long Island),89,50,89
Anna Lee C. Iijima,Macari 2012 Katherine's Field Sauvignon Blanc (North Fork of Long Island),88,23,88
Anna Lee C. Iijima,Macari 2012 Estate Bottled Chardonnay (North Fork of Long Island),88,19,176
Anna Lee C. Iijima,Macari 2011 Block E Riesling (North Fork of Long Island),86,40,86
Anna Lee C. Iijima,Macari 2010 Dos Aguas Red (North Fork of Long Island),88,30,176
Anna Lee C. Iijima,Macari 2010 Cuvée Gabriella Brut Rosé Sparkling (North Fork of Long Island),89,35,178
Anna Lee C. Iijima,Macari 2010 Cabernet Franc (North Fork of Long Island),88,35,88
Anna Lee C. Iijima,Macari 2010 Block E White (North Fork of Long Island),85,40,85
Anna Lee C. Iijima,Macari 2009 Chardonnay (North Fork of Long Island),86,19,86
Susan Kostrzewa,Macari 2008 Early Wine Chardonnay (North Fork of Long Island),84,17,84
Anna Lee C. Iijima,Macari 2008 Cabernet Franc (North Fork of Long Island),88,35,88
Susan Kostrzewa,Macari 2007 Rosé (North Fork of Long Island),86,15,86
Anna Lee C. Iijima,Macari 2007 Reserve Merlot (North Fork of Long Island),89,36,89
Lauren Buzzeo,Macari 2007 Reserve Barrel Fermented Chardonnay (North Fork of Long Island),85,23,85
Susan Kostrzewa,Macari 2007 No 1 Sauvignon Blanc (North Fork of Long Island),86,27,86
Lauren Buzzeo,Macari 2007 Estate Bottled Chardonnay (North Fork of Long Island),86,19,86
Susan Kostrzewa,Macari 2005 Barrel Fermented Reserve Chardonnay (North Fork of Long Island),83,23,83
Susan Kostrzewa,Macari 2004 Bergen Road Red (North Fork of Long Island),82,43,82
Joe Czerwinski,Macari 1998 Estate Bottled Chardonnay (North Fork of Long Island),83,15,83
Joe Czerwinski,Macari 1997 Estate Bottled Cabernet Franc (North Fork of Long Island),80,19,80
Anna Lee C. Iijima,Long Island Merlot Alliance 2010 Merliance Merlot (Long Island),88,35,88
Anna Lee C. Iijima,Long Island Merlot Alliance 2008 Merliance Merlot (Long Island),86,35,86
Anna Lee C. Iijima,Long Island Merlot Alliance 2007 Merliance Merlot (Long Island),86,35,86
Anna Lee C. Iijima,Lieb 2016 Bridge Lane Rosé (North Fork of Long Island),88,18,88
Anna Lee C. Iijima,Lieb 2015 Reserve Sauvignon Blanc (North Fork of Long Island),89,26,89
Anna Lee C. Iijima,Lieb 2015 Reserve Pinot Blanc (North Fork of Long Island),86,20,86
Anna Lee C. Iijima,Lieb 2014 Reserve Pinot Blanc (North Fork of Long Island),87,22,87
Anna Lee C. Iijima,Lieb 2014 Reserve Petit Verdot (North Fork of Long Island),88,45,88
Anna Lee C. Iijima,Lieb 2014 Reserve Merlot (North Fork of Long Island),88,24,176
Anna Lee C. Iijima,Lieb 2014 Reserve Cabernet Franc (North Fork of Long Island),89,30,89
Anna Lee C. Iijima,Lieb 2013 Reserve Sparkling Sparkling (North Fork of Long Island),87,35,87
Anna Lee C. Iijima,Lieb 2013 Bridge Lane Chardonnay (North Fork of Long Island),88,15,88
Anna Lee C. Iijima,Lieb 2011 Reserve Pinot Blanc (North Fork of Long Island),88,30,176
Anna Lee C. Iijima,Lieb 2010 Cabernet Franc (North Fork of Long Island),87,40,87
Anna Lee C. Iijima,Lieb 2010 Blanc de Blancs Brut Pinot Blanc (North Fork of Long Island),87,35,174
Anna Lee C. Iijima,Lieb 2008 Reserve Chardonnay (North Fork of Long Island),87,24,87
Anna Lee C. Iijima,Lieb 2008 Merlot (North Fork of Long Island),86,22,86
Lauren Buzzeo,Lieb 2007 Bridge Lane Chardonnay (North Fork of Long Island),86,15,86
,Lieb 2004 Reserve Merlot (North Fork of Long Island),87,20,87
Joe Czerwinski,Lieb 1998 Pinot Blanc (North Fork of Long Island),84,15,84
Joe Czerwinski,Laurel Lake 1998 Reserve Chardonnay (North Fork of Long Island),80,18,80
Joe Czerwinski,Laurel Lake 1998 Reserve Cabernet Sauvignon (North Fork of Long Island),82,18,82
Anna Lee C. Iijima,Kontokosta 2016 Rosé (North Fork of Long Island),87,22,87
Anna Lee C. Iijima,Kontokosta 2015 Viognier (North Fork of Long Island),89,25,89
Anna Lee C. Iijima,Kontokosta 2015 Sauvignon Blanc (North Fork of Long Island),90,25,180
Anna Lee C. Iijima,Kontokosta 2015 Rosé (North Fork of Long Island),90,22,90
Anna Lee C. Iijima,Kontokosta 2014 Orient Chardonnay (North Fork of Long Island),88,22,176
Anna Lee C. Iijima,Kontokosta 2014 Cabernet Franc (North Fork of Long Island),90,29,90
Anna Lee C. Iijima,Kontokosta 2013 Cabernet Franc (North Fork of Long Island),89,40,89
Anna Lee C. Iijima,Kontokosta 2013 Anemometer White (North Fork of Long Island),88,35,176
Anna Lee C. Iijima,Kontokosta 2012 Anemometer Red (North Fork of Long Island),88,50,88
Anna Lee C. Iijima,Jamesport NV Cinq White (North Fork of Long Island),82,15,82
Anna Lee C. Iijima,Jamesport 2014 Sauvage Sauvignon Blanc (North Fork of Long Island),85,28,85
Anna Lee C. Iijima,Jamesport 2014 Estate Chardonnay (North Fork of Long Island),87,22,87
Anna Lee C. Iijima,Jamesport 2014 East End Syrah (North Fork of Long Island),88,20,88
Anna Lee C. Iijima,Jamesport 2013 Estate Riesling (North Fork of Long Island),86,25,86
Anna Lee C. Iijima,Jamesport 2013 Estate Merlot (North Fork of Long Island),89,17,89
Anna Lee C. Iijima,Jamesport 2013 Estate Cabernet Franc (North Fork of Long Island),87,30,87
Anna Lee C. Iijima,Jamesport 2013 East End Cabernet Franc (North Fork of Long Island),88,17,88
Anna Lee C. Iijima,Jamesport 2011 Chardonnay (North Fork of Long Island),87,18,87
Anna Lee C. Iijima,Jamesport 2010 Riesling (North Fork of Long Island),88,21,88
Anna Lee C. Iijima,Jamesport 2010 Late Harvest Riesling (North Fork of Long Island),85,35,85
Anna Lee C. Iijima,Jamesport 2007 Sidor Reserve Red (North Fork of Long Island),88,34,88
Anna Lee C. Iijima,Jamesport 2007 Sarah's Hill Pinot Noir (North Fork of Long Island),86,40,86
Anna Lee C. Iijima,Jamesport 2007 Mélange de Trois Red (North Fork of Long Island),88,24,88
Anna Lee C. Iijima,Jamesport 2007 Jubilant Reserve Red (North Fork of Long Island),88,45,88
Anna Lee C. Iijima,Jamesport 2007 Cabernet Franc (North Fork of Long Island),87,24,87
Anna Lee C. Iijima,Jamesport 2005 Bloc E Merlot (North Fork of Long Island),87,25,87
Anna Lee C. Iijima,Jamesport 2001 Cabernet Franc (North Fork of Long Island),88,25,88
Anna Lee C. Iijima,Hound's Tree 2015 Merlot (North Fork of Long Island),89,28,89
Anna Lee C. Iijima,Hound's Tree 2015 Estate Rosé (North Fork of Long Island),89,22,178
Anna Lee C. Iijima,Hound's Tree 2015 Chardonnay (North Fork of Long Island),89,24,89
Anna Lee C. Iijima,Hound's Tree 2015 Cabernet Sauvignon (North Fork of Long Island),90,28,180
Anna Lee C. Iijima,Hound's Tree 2015 Cabernet Franc (North Fork of Long Island),89,28,89
Joe Czerwinski,Hargrave NV Fleurette Rosé (North Fork of Long Island),83,10,83
Joe Czerwinski,Hargrave NV Chardonette/White Blend Chardonnay (North Fork of Long Island),83,7,83
Joe Czerwinski,Hargrave 1998 Pinot Noir (North Fork of Long Island),84,35,84
Joe Czerwinski,Hargrave 1998 Merlot (North Fork of Long Island),82,18,82
Joe Czerwinski,Hargrave 1998 Chardonnay (North Fork of Long Island),82,14,82
Anna Lee C. Iijima,Harbes Family Vineyard NV Blanc de Blancs Brut Méthode Champenoise Sparkling (North Fork of Long Island),89,30,89
Anna Lee C. Iijima,Harbes Family Vineyard 2015 Semi-Dry Rosé (North Fork of Long Island),85,18,85
Anna Lee C. Iijima,Harbes Family Vineyard 2015 Dry Rosé (North Fork of Long Island),85,22,85
Anna Lee C. Iijima,Harbes Family Vineyard 2014 Syrah (North Fork of Long Island),89,32,89
Anna Lee C. Iijima,Harbes Family Vineyard 2014 Steel Fermented Chardonnay (North Fork of Long Island),86,21,86
Anna Lee C. Iijima,Harbes Family Vineyard 2014 Semi-Dry Rosé Merlot (North Fork of Long Island),89,18,89
Anna Lee C. Iijima,Harbes Family Vineyard 2014 Proprietor's Reserve Red (North Fork of Long Island),90,43,90
Anna Lee C. Iijima,Harbes Family Vineyard 2014 Proprietor's Reserve Barrel Fermented Merlot (North Fork of Long Island),90,42,90
Anna Lee C. Iijima,Harbes Family Vineyard 2014 Merlot (North Fork of Long Island),90,28,180
Anna Lee C. Iijima,Harbes Family Vineyard 2014 Malbec (North Fork of Long Island),90,35,180
Anna Lee C. Iijima,Harbes Family Vineyard 2014 Dry Rosé Merlot (North Fork of Long Island),87,22,87
Anna Lee C. Iijima,Harbes Family Vineyard 2014 Cabernet Franc (North Fork of Long Island),91,29,91
Anna Lee C. Iijima,Harbes Family Vineyard 2014 Barrel Fermented Chardonnay (North Fork of Long Island),86,25,86
Anna Lee C. Iijima,Harbes Family Vineyard 2013 Proprietor Reserve Red (North Fork of Long Island),92,43,92
Anna Lee C. Iijima,Harbes Family Vineyard 2013 Proprietor Reserve Ice Wine Chardonnay (North Fork of Long Island),89,35,89
Anna Lee C. Iijima,Harbes Family Vineyard 2013 Proprietor Reserve Hallock Lane Merlot (North Fork of Long Island),90,55,90
Anna Lee C. Iijima,Harbes Family Vineyard 2012 Barrel Fermented Chardonnay (North Fork of Long Island),87,25,174
Anna Lee C. Iijima,Harbes Family Vineyard 2007 Old Barn Merlot (North Fork of Long Island),85,20,85
Lauren Buzzeo,Harbes Family Vineyard 2005 Reserve Chardonnay (North Fork of Long Island),86,18,86
,Gristina 2000 Apaucuck Chardonnay (Long Island),87,10,87
Joe Czerwinski,Gristina 1998 Cabernet Sauvignon (North Fork of Long Island),84,20,84
Anna Lee C. Iijima,Gramercy Vineyards 2008 Reserve Merlot (North Fork of Long Island),88,49,88
Anna Lee C. Iijima,Fjord 2014 Sauvignon Blanc (North Fork of Long Island),86,20,86
Anna Lee C. Iijima,"Duck Walk 2010 Rosé (The Hamptons, Long Island)",83,15,83
Anna Lee C. Iijima,Diliberto 2015 Chardonnay (North Fork of Long Island),85,22,85
Anna Lee C. Iijima,Diliberto 2014 Cantina Merlot-Cabernet Franc (North Fork of Long Island),87,22,87
Anna Lee C. Iijima,Diliberto 2013 Tre Red (North Fork of Long Island),87,26,87
Anna Lee C. Iijima,Diliberto 2013 Merlot (North Fork of Long Island),87,19,87
Anna Lee C. Iijima,Croteaux 2015 Jolie Rosé Cabernet Franc (North Fork of Long Island),89,25,178
Anna Lee C. Iijima,Croteaux 2015 Cuvée Sparkle Merlot (North Fork of Long Island),87,30,87
Anna Lee C. Iijima,Croteaux 2015 3 Rosé Merlot (North Fork of Long Island),89,20,89
,Croteaux 2007 314 Rosé Clone Select Merlot (North Fork of Long Island),81,18,81
Joe Czerwinski,Corey Creek 1998 Rosé (North Fork of Long Island),83,11,83
Anna Lee C. Iijima,Comtesse Thérèse 2011 Sauvignon Blanc (North Fork of Long Island),85,28,170
Anna Lee C. Iijima,Comtesse Thérèse 2010 Rosé (North Fork of Long Island),87,16,87
Lauren Buzzeo,Comtesse Thérèse 2007 Russian Oak Chardonnay (North Fork of Long Island),84,20,84
Anna Lee C. Iijima,Comtesse Thérèse 2007 Canadian Oak Cabernet Sauvignon (North Fork of Long Island),87,28,87
Anna Lee C. Iijima,Comtesse Thérèse 2007 Aquebogue Estate Cabernet Sauvignon (North Fork of Long Island),88,25,88
Anna Lee C. Iijima,Comtesse Thérèse 2006 Château Reserve Merlot (North Fork of Long Island),87,30,87
Anna Lee C. Iijima,Comtesse Thérèse 2006 Aquebogue Estate Merlot (North Fork of Long Island),86,18,86
Anna Lee C. Iijima,Comtesse Thérèse 2005 Traditional Merlot (North Fork of Long Island),87,18,87
Anna Lee C. Iijima,Comtesse Thérèse 2005 First Harvest Merlot (North Fork of Long Island),86,18,86
Anna Lee C. Iijima,Comtesse Thérèse 2004 Château Reserve Merlot (North Fork of Long Island),86,30,86
Anna Lee C. Iijima,Coffee Pot Cellars 2014 Sauvignon Blanc (North Fork of Long Island),87,20,87
Anna Lee C. Iijima,Coffee Pot Cellars 2014 Meritage (North Fork of Long Island),89,26,89
Anna Lee C. Iijima,Coffee Pot Cellars 2014 Gewurztraminer (North Fork of Long Island),90,22,90
Anna Lee C. Iijima,Coffee Pot Cellars 2014 Chardonnay (North Fork of Long Island),87,20,87
Anna Lee C. Iijima,Coffee Pot Cellars 2014 Beasley's Blend Cabernet Franc-Merlot (North Fork of Long Island),90,22,90
Anna Lee C. Iijima,Coffee Pot Cellars 2013 Meritage (North Fork of Long Island),88,26,176
Anna Lee C. Iijima,Coffee Pot Cellars 2010 Sauvignon Blanc (North Fork of Long Island),86,18,86
Anna Lee C. Iijima,Coffee Pot Cellars 2010 Meritage (North Fork of Long Island),85,26,85
Anna Lee C. Iijima,Coffee Pot Cellars 2010 Chardonnay (North Fork of Long Island),87,16,87
Anna Lee C. Iijima,Coffee Pot Cellars 2008 Merlot (North Fork of Long Island),87,18,87
Anna Lee C. Iijima,Clovis Point 2014 Chardonnay (North Fork of Long Island),87,21,87
Anna Lee C. Iijima,Clovis Point 2014 Black Label Chardonnay (North Fork of Long Island),88,25,88
Anna Lee C. Iijima,Clovis Point 2013 Vintner's Select Merlot (North Fork of Long Island),89,45,89
Anna Lee C. Iijima,Clovis Point 2013 Merlot (North Fork of Long Island),87,29,87
Anna Lee C. Iijima,Clovis Point 2013 Malbec (North Fork of Long Island),88,34,88
Anna Lee C. Iijima,Clovis Point 2013 Archeology Red (North Fork of Long Island),88,65,88
Anna Lee C. Iijima,Clovis Point 2007 Archeology Red (North Fork of Long Island),87,60,87
Lauren Buzzeo,Christiano Family 2006 Reserve Chardonnay (North Fork of Long Island),86,16,86
,Christiano Family 2005 Reserve Merlot (North Fork of Long Island),86,22,86
Joe Czerwinski,Channing Perrine 1999 Mudd Vineyard Fleur de Terre Merlot (North Fork of Long Island),83,16,83
Joe Czerwinski,Channing Perrine 1998 Oregon Road Riesling (Long Island),83,13,83
Joe Czerwinski,Channing Perrine 1998 Mudd Vineyard Cabernet Sauvignon (Long Island),82,19,82
Anna Lee C. Iijima,Channing Daughters 2014 Rosato (Long Island),90,20,180
Anna Lee C. Iijima,Channing Daughters 2014 Pétillant Naturel Rosato Sparkling (Long Island),89,26,89
Anna Lee C. Iijima,Channing Daughters 2014 Mudd Vineyard Sauvignon Blanc (Long Island),90,20,180
Anna Lee C. Iijima,Channing Daughters 2013 Sylvanus White (Long Island),90,24,90
Anna Lee C. Iijima,Channing Daughters 2013 Pinot Grigio (Long Island),89,20,89
Anna Lee C. Iijima,Channing Daughters 2013 Mosaico White (Long Island),91,29,91
Anna Lee C. Iijima,Channing Daughters 2012 Ramato Pinot Grigio (Long Island),91,24,91
Anna Lee C. Iijima,"Channing Daughters 2011 Rosato Refosco Home Farm Vineyard Rosé (The Hamptons, Long Island)",88,20,88
Anna Lee C. Iijima,Channing Daughters 2011 Rosato Merlot Mudd Vineyard Rosé (North Fork of Long Island),90,18,90
Anna Lee C. Iijima,Channing Daughters 2011 Rosato Cabernet Sauvignon Mudd Vineyard Rosé (North Fork of Long Island),88,18,88
Anna Lee C. Iijima,Channing Daughters 2011 Ramato Pinot Grigio (Long Island),89,24,89
Anna Lee C. Iijima,"Channing Daughters 2010 Sylvanus White (The Hamptons, Long Island)",90,24,90
Anna Lee C. Iijima,Channing Daughters 2010 Pinot Grigio (Long Island),88,20,88
Anna Lee C. Iijima,Channing Daughters 2010 Mudd West Vineyard Blaufränkisch (North Fork of Long Island),90,27,90
Anna Lee C. Iijima,Channing Daughters 2009 Meditazione White (Long Island),91,40,91
Anna Lee C. Iijima,Channing Daughters 2009 Envelope White (Long Island),90,42,180
,"Channing Daughters 2006 Tocai Friulano (The Hamptons, Long Island)",88,24,88
Joe Czerwinski,Channing Daughters 1999 Scuttlehole Chardonnay (Long Island),84,13,84
Joe Czerwinski,Channing Daughters 1999 Fresh Red Red (Long Island),84,15,84
Joe Czerwinski,Channing Daughters 1998 Sculpture Garden Merlot (Long Island),83,19,83
Joe Czerwinski,Castello di Borghese NV Petit Chateau Red (North Fork of Long Island),83,10,83
Joe Czerwinski,Castello di Borghese NV Fleurette Pinot Noir (North Fork of Long Island),83,10,83
Joe Czerwinski,Castello di Borghese NV Chardonette White (North Fork of Long Island),83,7,83
Anna Lee C. Iijima,Castello di Borghese 2010 Cabernet Franc (North Fork of Long Island),84,30,168
Anna Lee C. Iijima,Castello di Borghese 2007 Reserve Cabernet Sauvignon (North Fork of Long Island),84,42,84
Anna Lee C. Iijima,Castello di Borghese 2007 Pinot Noir (North Fork of Long Island),85,30,85
Anna Lee C. Iijima,Castello di Borghese 2007 Cabernet Franc (North Fork of Long Island),85,25,170
Anna Lee C. Iijima,Castello di Borghese 2006 Merlot (North Fork of Long Island),85,20,170
Anna Lee C. Iijima,Castello di Borghese 2006 Meritage Red Table Wine Meritage (North Fork of Long Island),85,60,85
,Castello di Borghese 2006 Founder's Field Reserve Sauvignon Blanc (North Fork of Long Island),84,26,84
Joe Czerwinski,Castello di Borghese 1999 Hargrave Vineyard Pinot Blanc (North Fork of Long Island),82,10,82
Joe Czerwinski,Castello di Borghese 1998 Hargrave Vineyard Pinot Noir (North Fork of Long Island),84,35,84
Joe Czerwinski,Castello di Borghese 1998 Hargrave Vineyard Merlot (North Fork of Long Island),82,18,82
Joe Czerwinski,Castello di Borghese 1998 Hargrave  Vineyard Chardonnay (North Fork of Long Island),82,14,82
Anna Lee C. Iijima,Brooklyn Oenology 2014 Pinot Gris (North Fork of Long Island),87,22,87
Anna Lee C. Iijima,Brooklyn Oenology 2014 Persistence Red (North Fork of Long Island),90,40,90
Anna Lee C. Iijima,Brooklyn Oenology 2014 As If Serendipity White (North Fork of Long Island),87,45,87
Anna Lee C. Iijima,Brooklyn Oenology 2012 Motley Cru Red (North Fork of Long Island),88,35,176
Anna Lee C. Iijima,Brooklyn Oenology 2009 Chardonnay (North Fork of Long Island),84,17,84
Susan Kostrzewa,Brooklyn Oenology 2006 Social Club Red Red (North Fork of Long Island),84,15,84
Anna Lee C. Iijima,Bouquet 2014 Sauvignon Blanc (North Fork of Long Island),87,18,87
Anna Lee C. Iijima,Bouquet 2012 Cabernet Franc (North Fork of Long Island),86,22,86
Anna Lee C. Iijima,Bouké 2014 Rosé (North Fork of Long Island),87,16,87
Susan Kostrzewa,Bouké 2007 Red Table Wine Red (North Fork of Long Island),87,21,87
Anna Lee C. Iijima,Benmarl 2013 Merlot (North Fork of Long Island),89,20,89
Anna Lee C. Iijima,Benmarl 2012 Barrel Fermented Chardonnay (North Fork of Long Island),84,17,84
Anna Lee C. Iijima,Bedell 2016 Taste Rosé (North Fork of Long Island),86,25,86
Anna Lee C. Iijima,Bedell 2016 Sparkling Rosé Sparkling (North Fork of Long Island),90,45,180
Anna Lee C. Iijima,Bedell 2015 Viognier (North Fork of Long Island),89,40,89
Anna Lee C. Iijima,Bedell 2015 Taste White (North Fork of Long Island),88,50,88
Anna Lee C. Iijima,Bedell 2015 Taste Rosé (North Fork of Long Island),88,25,88
Anna Lee C. Iijima,Bedell 2015 Sparkling Rosé Sparkling (North Fork of Long Island),90,45,180
Anna Lee C. Iijima,Bedell 2015 Sauvignon Blanc (North Fork of Long Island),87,35,87
Anna Lee C. Iijima,Bedell 2015 Chardonnay (North Fork of Long Island),87,35,87
Anna Lee C. Iijima,Bedell 2014 Viognier (North Fork of Long Island),85,40,85
Anna Lee C. Iijima,Bedell 2014 Taste Rosé (North Fork of Long Island),89,25,89
Anna Lee C. Iijima,Bedell 2014 Malbec (North Fork of Long Island),89,50,178
Anna Lee C. Iijima,Bedell 2014 Gewürztraminer (North Fork of Long Island),87,40,87
Anna Lee C. Iijima,Bedell 2014 First Crush Merlot-Cabernet Franc (North Fork of Long Island),89,30,89
Anna Lee C. Iijima,Bedell 2014 Chardonnay (North Fork of Long Island),87,35,87
Anna Lee C. Iijima,Bedell 2014 Cabernet Franc (North Fork of Long Island),90,45,90
Anna Lee C. Iijima,Bedell 2013 Viognier (North Fork of Long Island),87,40,87
Anna Lee C. Iijima,Bedell 2013 Taste Red (North Fork of Long Island),87,70,87
Anna Lee C. Iijima,Bedell 2013 Sparkling Rosé Sparkling (North Fork of Long Island),88,45,88
Anna Lee C. Iijima,Bedell 2013 Sauvignon Blanc (North Fork of Long Island),89,40,89
Anna Lee C. Iijima,Bedell 2013 Merlot (North Fork of Long Island),88,35,88
Anna Lee C. Iijima,Bedell 2013 Malbec (North Fork of Long Island),89,50,89
Anna Lee C. Iijima,Bedell 2013 Gewürztraminer (North Fork of Long Island),85,40,85
Anna Lee C. Iijima,Bedell 2013 Gallery White (North Fork of Long Island),87,60,87
Anna Lee C. Iijima,Bedell 2013 First Crush Merlot-Cabernet Franc (North Fork of Long Island),88,30,88
Anna Lee C. Iijima,Bedell 2013 Chardonnay (North Fork of Long Island),88,30,88
Anna Lee C. Iijima,Bedell 2013 Cabernet Franc (North Fork of Long Island),89,40,89
Anna Lee C. Iijima,Bedell 2012 Taste White (North Fork of Long Island),87,30,87
Anna Lee C. Iijima,Bedell 2012 Taste Red (North Fork of Long Island),87,70,87
Anna Lee C. Iijima,Bedell 2012 Musée Red (North Fork of Long Island),88,125,88
Anna Lee C. Iijima,Bedell 2012 Merlot (North Fork of Long Island),88,35,88
Anna Lee C. Iijima,Bedell 2012 Malbec (North Fork of Long Island),87,50,87
Anna Lee C. Iijima,Bedell 2012 Gallery White (North Fork of Long Island),88,60,88
Anna Lee C. Iijima,Bedell 2012 Cabernet Franc (North Fork of Long Island),89,40,89
Anna Lee C. Iijima,Bedell 2011 Cabernet Franc (North Fork of Long Island),89,40,89
Anna Lee C. Iijima,Bedell 2010 Taste White White (North Fork of Long Island),89,25,89
Anna Lee C. Iijima,Bedell 2010 Musée Red (North Fork of Long Island),90,90,90
Anna Lee C. Iijima,Bedell 2010 Chardonnay (North Fork of Long Island),89,25,89
Anna Lee C. Iijima,Bedell 2010 Cabernet Franc (North Fork of Long Island),89,40,89
Anna Lee C. Iijima,Bedell 2009 Blanc de Blancs Chardonnay (North Fork of Long Island),88,60,88
Susan Kostrzewa,Bedell 2006 Gallery White (North Fork of Long Island),86,48,86
Susan Kostrzewa,Bedell 2005 Taste Red Red (North Fork of Long Island),86,35,86
Susan Kostrzewa,Bedell 2005 Reserve Merlot (North Fork of Long Island),87,48,87
Susan Kostrzewa,Bedell 2005 Musée Red (North Fork of Long Island),88,65,88
Joe Czerwinski,Bedell 2001 Late Harvest Riesling Riesling (North Fork of Long Island),88,35,88
Joe Czerwinski,Bedell 1998 Gewürztraminer (North Fork of Long Island),83,13,83
Anna Lee C. Iijima,Baiting Hollow Farm Vineyard 2011 White Satin White (North Fork of Long Island),85,25,85
Anna Lee C. Iijima,Baiting Hollow Farm Vineyard 2010 Red Velvet Red (North Fork of Long Island),85,35,85
Anna Lee C. Iijima,Baiting Hollow Farm Vineyard 2010 Horse Rescue Mirage Red (North Fork of Long Island),87,25,87
Anna Lee C. Iijima,Baiting Hollow Farm Vineyard 2010 Horse Rescue Angel Chardonnay (North Fork of Long Island),84,25,84
Anna Lee C. Iijima,Anthony Nappa 2016 Bordo Antico Rex Farr Vineyards Cabernet Franc (North Fork of Long Island),90,22,180
Anna Lee C. Iijima,Anthony Nappa 2015 Bordo Cabernet Franc (North Fork of Long Island),89,20,89
Anna Lee C. Iijima,Anthony Nappa 2014 Shared Table Farm Pinot Noir (North Fork of Long Island),91,50,91
Anna Lee C. Iijima,Anthony Nappa 2014 Sciardonné Chardonnay (North Fork of Long Island),89,20,89
Anna Lee C. Iijima,Anthony Nappa 2014 Ripasso Merlot (North Fork of Long Island),90,25,90
Anna Lee C. Iijima,Anthony Nappa 2014 Quattordici Red (North Fork of Long Island),92,35,92
Anna Lee C. Iijima,Anthony Nappa 2014 Nemesis Pinot Noir (North Fork of Long Island),89,35,89
Anna Lee C. Iijima,Anthony Nappa 2014 La Strega Malbec (North Fork of Long Island),89,22,89
Anna Lee C. Iijima,Anthony Nappa 2014 Bordo Cabernet Franc (North Fork of Long Island),92,20,184
Anna Lee C. Iijima,Anthony Nappa 2013 Tocca Ferro Reserve Red (North Fork of Long Island),91,50,91
Anna Lee C. Iijima,Anthony Nappa 2013 The Savage Cabernet Sauvignon (North Fork of Long Island),92,75,92
Anna Lee C. Iijima,Anthony Nappa 2013 Spezia Gewürztraminer (North Fork of Long Island),87,25,174
Anna Lee C. Iijima,Anthony Nappa 2013 Shared Table Farm Hog's Neck Cabernet Franc (North Fork of Long Island),91,50,91
Anna Lee C. Iijima,Anthony Nappa 2013 Sciardonné Chardonnay (North Fork of Long Island),90,20,90
Anna Lee C. Iijima,Anthony Nappa 2013 Reserve Merlot (North Fork of Long Island),91,40,91
Anna Lee C. Iijima,Anthony Nappa 2013 Reminisce Sauvignon Blanc (North Fork of Long Island),90,22,90
Anna Lee C. Iijima,Anthony Nappa 2013 Piccolo Pio Petit Verdot (North Fork of Long Island),89,60,89
Anna Lee C. Iijima,Anthony Nappa 2013 Giallo Sémillon (North Fork of Long Island),89,40,89
Anna Lee C. Iijima,Anthony Nappa 2012 Sciardonné Chardonnay (North Fork of Long Island),89,18,89
Anna Lee C. Iijima,Anthony Nappa 2012 Blackbird Merlot (North Fork of Long Island),88,40,88
Anna Lee C. Iijima,Anthony Nappa 2010 Dieci Red (North Fork of Long Island),90,35,180
Anna Lee C. Iijima,Anthony Nappa 2010 Bordo Cabernet Franc (North Fork of Long Island),88,20,176
Anna Lee C. Iijima,Anthony Nappa 2010 Blackbird Merlot (North Fork of Long Island),90,40,90
